/*!40101 SET @OLD_CHARACTER_SET_CLIENT=@@CHARACTER_SET_CLIENT */;
/*!40101 SET @OLD_CHARACTER_SET_RESULTS=@@CHARACTER_SET_RESULTS */;
/*!40101 SET @OLD_COLLATION_CONNECTION=@@COLLATION_CONNECTION */;
/*!40101 SET NAMES utf8 */;

-- --------------------------------------------------------

--
-- Структура таблиці `form_pregnancycdss_deceaces`
--

CREATE TABLE IF NOT EXISTS `form_pregnancycdss_deceaces` (
  `id` int(11) NOT NULL AUTO_INCREMENT,
  `dec_name` varchar(100) COLLATE utf8_general_ci DEFAULT NULL,
  `dec_note` varchar(255) COLLATE utf8_general_ci DEFAULT NULL,
  `dec_icd10` varchar(255) COLLATE utf8_general_ci DEFAULT NULL,
  `p` float DEFAULT '0',
  PRIMARY KEY (`id`)
) ENGINE=InnoDB  DEFAULT CHARSET=utf8 COLLATE=utf8_general_ci AUTO_INCREMENT=3 ;

--
-- Дамп даних таблиці `form_pregnancycdss_deceaces`
--

INSERT INTO `form_pregnancycdss_deceaces` (`id`, `dec_name`, `dec_note`, `p`) VALUES
(1, 'Своєчасні роди', NULL, 0.5),
(2, 'Передчасні роди', NULL, 0.5);

-- --------------------------------------------------------

--
-- Структура таблиці `form_pregnancycdss_deceases_sympt_opt`
--

CREATE TABLE IF NOT EXISTS `form_pregnancycdss_deceases_sympt_opt` (
  `id` bigint(20) NOT NULL AUTO_INCREMENT,
  `id_deceaces` int(11) DEFAULT '0',
  `id_sympt_opt` bigint(20) DEFAULT '0',
  `py` float DEFAULT '0',
  `pn` float DEFAULT '0',
  PRIMARY KEY (`id`),
  KEY `deceases_sympt_opt_id_deceaces_ndx` (`id_deceaces`),
  KEY `deceases_sympt_opt_id_symptom_ndx` (`id_sympt_opt`)
) ENGINE=InnoDB  DEFAULT CHARSET=utf8 COLLATE=utf8_general_ci AUTO_INCREMENT=205 ;

--
-- Дамп даних таблиці `form_pregnancycdss_deceases_sympt_opt`
--

INSERT INTO `form_pregnancycdss_deceases_sympt_opt` (`id`, `id_deceaces`, `id_sympt_opt`, `py`, `pn`) VALUES
(1, 2, 1, 0.999, 0),
(2, 1, 2, 0.999, 0),
(3, 2, 4, 0.95, 0),
(4, 2, 6, 0.99, 0),
(5, 2, 5, 0.99, 0),
(6, 2, 7, 0.999, 0),
(7, 1, 9, 0.999, 0),
(8, 1, 10, 0.999, 0),
(9, 1, 13, 0.999, 0),
(10, 2, 14, 0.999, 0),
(11, 2, 15, 0.999, 0),
(12, 2, 18, 0.999, 0),
(14, 2, 19, 0.99, 0),
(15, 1, 20, 0.999, 0),
(16, 2, 21, 0.999, 0),
(17, 2, 22, 0.95, 0),
(18, 2, 23, 0.999, 0),
(19, 2, 24, 0.99, 0),
(20, 2, 25, 0.99, 0),
(22, 2, 26, 0.99, 0),
(23, 2, 28, 0.99, 0),
(24, 2, 29, 0.999, 0),
(25, 1, 30, 0.999, 0),
(26, 2, 31, 0.999, 0),
(29, 2, 34, 0.999, 0),
(30, 2, 35, 0.999, 0),
(31, 2, 38, 0.999, 0),
(32, 1, 36, 0.999, 0),
(33, 1, 37, 0.999, 0),
(34, 2, 39, 0.95, 0),
(35, 2, 43, 0.999, 0),
(36, 2, 42, 0.999, 0),
(37, 1, 41, 0.999, 0),
(38, 1, 45, 0.999, 0),
(39, 2, 46, 0.95, 0),
(40, 2, 47, 0.999, 0),
(41, 2, 48, 0.99, 0),
(42, 1, 50, 0.999, 0),
(43, 2, 51, 0.999, 0),
(44, 2, 52, 0.999, 0),
(45, 2, 53, 0.999, 0),
(46, 2, 54, 0.999, 0),
(47, 1, 55, 0.99, 0),
(48, 2, 56, 0.95, 0),
(49, 2, 57, 0.99, 0),
(50, 2, 59, 0.99, 0),
(51, 1, 61, 0.999, 0),
(52, 2, 62, 0.999, 0),
(53, 2, 63, 0.999, 0),
(54, 1, 64, 0.999, 0),
(55, 2, 65, 0.99, 0),
(56, 2, 66, 0.999, 0),
(57, 1, 67, 0.999, 0),
(58, 1, 68, 0.999, 0),
(59, 1, 69, 0.99, 0),
(60, 2, 70, 0.999, 0),
(61, 1, 71, 0.999, 0),
(62, 1, 72, 0.999, 0),
(63, 2, 73, 0.999, 0),
(64, 1, 74, 0.999, 0),
(65, 2, 75, 0.999, 0),
(66, 2, 76, 0.999, 0),
(67, 1, 77, 0.999, 0),
(68, 1, 78, 0.999, 0),
(69, 1, 79, 0.95, 0),
(70, 1, 80, 0.95, 0),
(71, 2, 81, 0.999, 0),
(72, 2, 82, 0.999, 0),
(73, 1, 83, 0.95, 0),
(74, 2, 84, 0.95, 0),
(75, 2, 87, 0.999, 0),
(76, 2, 86, 0.999, 0),
(77, 1, 85, 0.999, 0),
(78, 1, 88, 0.99, 0),
(79, 2, 89, 0.99, 0),
(80, 2, 90, 0.999, 0),
(81, 1, 91, 0.999, 0),
(82, 2, 94, 0.95, 0),
(83, 1, 92, 0.999, 0),
(84, 2, 93, 0.99, 0),
(85, 2, 96, 0.999, 0),
(86, 2, 97, 0.999, 0),
(87, 2, 98, 0.95, 0),
(88, 1, 99, 0.95, 0),
(89, 2, 100, 0.95, 0),
(90, 1, 101, 0.999, 0),
(91, 2, 102, 0.999, 0),
(92, 1, 103, 0.99, 0),
(93, 1, 104, 0.99, 0),
(94, 2, 105, 0.999, 0),
(95, 2, 108, 0.95, 0),
(96, 2, 109, 0.999, 0),
(97, 1, 110, 0.999, 0),
(98, 2, 111, 0.999, 0),
(99, 2, 112, 0.95, 0),
(100, 1, 113, 0.99, 0),
(101, 2, 114, 0.99, 0),
(102, 1, 115, 0.999, 0),
(103, 2, 116, 0.999, 0),
(104, 1, 118, 0.999, 0),
(105, 2, 119, 0.999, 0),
(106, 2, 120, 0.95, 0),
(107, 1, 121, 0.95, 0),
(108, 1, 122, 0.999, 0),
(109, 2, 123, 0.999, 0),
(110, 2, 124, 0.999, 0),
(111, 2, 125, 0.999, 0),
(112, 1, 128, 0.999, 0),
(113, 1, 130, 0.99, 0),
(114, 2, 132, 0.999, 0),
(115, 1, 133, 0.999, 0),
(116, 1, 134, 0.999, 0),
(117, 2, 135, 0.999, 0),
(118, 2, 136, 0.99, 0),
(119, 1, 137, 0.999, 0),
(120, 2, 138, 0.99, 0),
(121, 2, 139, 0.95, 0),
(122, 2, 140, 0.999, 0),
(123, 1, 141, 0.999, 0),
(124, 1, 142, 0.999, 0),
(125, 2, 143, 0.999, 0),
(126, 1, 144, 0.999, 0),
(127, 2, 144, 0.999, 0),
(128, 2, 146, 0.95, 0),
(129, 2, 148, 0.999, 0),
(130, 2, 150, 0.999, 0),
(131, 2, 151, 0.99, 0),
(132, 2, 152, 0.999, 0),
(133, 2, 154, 0.99, 0),
(134, 2, 156, 0.999, 0),
(135, 2, 157, 0.999, 0),
(136, 2, 159, 0.99, 0),
(137, 2, 160, 0.95, 0),
(138, 2, 161, 0.99, 0),
(139, 2, 162, 0.999, 0),
(140, 2, 163, 0.999, 0),
(141, 2, 164, 0.999, 0),
(142, 2, 165, 0.999, 0),
(143, 2, 166, 0.999, 0),
(144, 2, 167, 0.95, 0),
(145, 2, 168, 0.999, 0),
(146, 2, 169, 0.999, 0),
(147, 2, 170, 0.99, 0),
(148, 2, 171, 0.999, 0),
(149, 2, 172, 0.99, 0),
(150, 2, 173, 0.99, 0),
(151, 2, 174, 0.99, 0),
(152, 2, 175, 0.99, 0),
(153, 1, 176, 0.999, 0),
(154, 2, 177, 0.999, 0),
(155, 2, 178, 0.99, 0),
(156, 1, 179, 0.999, 0),
(157, 2, 181, 0.999, 0),
(158, 2, 183, 0.99, 0),
(159, 1, 182, 0.99, 0),
(160, 1, 184, 0.99, 0),
(161, 2, 185, 0.99, 0),
(162, 1, 186, 0.999, 0),
(163, 2, 187, 0.999, 0),
(164, 1, 188, 0.999, 0),
(165, 1, 189, 0.99, 0),
(166, 2, 190, 0.999, 0),
(167, 2, 191, 0.999, 0),
(168, 1, 192, 0.999, 0),
(169, 2, 193, 0.999, 0),
(170, 1, 203, 0.99, 0),
(171, 2, 204, 0.99, 0),
(172, 1, 205, 0.999, 0),
(173, 2, 206, 0.999, 0),
(174, 2, 207, 0.999, 0),
(175, 2, 208, 0.999, 0),
(176, 2, 209, 0.99, 0),
(177, 2, 210, 0.999, 0),
(178, 2, 211, 0.99, 0),
(179, 2, 212, 0.95, 0),
(180, 2, 213, 0.99, 0),
(181, 2, 214, 0.99, 0),
(182, 2, 215, 0.999, 0),
(183, 2, 216, 0.999, 0),
(184, 2, 217, 0.95, 0),
(185, 2, 218, 0.95, 0),
(186, 2, 219, 0.95, 0),
(187, 2, 220, 0.95, 0),
(188, 2, 221, 0.95, 0),
(189, 2, 222, 0.95, 0),
(190, 2, 223, 0.95, 0),
(191, 2, 224, 0.95, 0),
(192, 2, 225, 0.95, 0),
(193, 2, 226, 0.95, 0),
(194, 2, 227, 0.95, 0),
(195, 2, 228, 0.95, 0),
(196, 2, 229, 0.95, 0),
(197, 2, 230, 0.95, 0),
(198, 2, 231, 0.95, 0),
(199, 2, 232, 0.95, 0),
(200, 2, 233, 0.95, 0),
(201, 2, 234, 0.95, 0),
(202, 2, 235, 0.95, 0),
(203, 2, 236, 0.95, 0),
(204, 2, 237, 0.95, 0);

-- --------------------------------------------------------
--
-- Структура таблиці `form_pregnancycdss_sympt_category`
--

CREATE TABLE IF NOT EXISTS `form_pregnancycdss_sympt_category` (
  `id` int(11) NOT NULL AUTO_INCREMENT,
  `cat_name` varchar(100) COLLATE utf8_general_ci DEFAULT NULL,
  `cat_notes` varchar(150) COLLATE utf8_general_ci DEFAULT NULL,
  `is_selected` tinyint(4) NOT NULL DEFAULT '1',
  PRIMARY KEY (`id`)
) ENGINE=InnoDB  DEFAULT CHARSET=utf8 COLLATE=utf8_general_ci AUTO_INCREMENT=8 ;

--
-- Дамп даних таблиці `form_pregnancycdss_sympt_category`
--

INSERT INTO `form_pregnancycdss_sympt_category` (`id`, `cat_name`, `cat_notes`, `is_selected`) VALUES
(1, 'Анкетні дані вагітної', NULL, 1),
(2, 'Стан при поступленні в стаціонар', NULL, 1),
(3, 'Перебіг попередніх пологів', NULL, 1),
(4, 'Анамнез вагітної', NULL, 1),
(5, 'Статеве життя та гінекологічні захворювання', NULL, 1),
(6, 'Ускладнення цієї вагітності', NULL, 1),
(7, 'Результати обстеження', NULL, 1);

-- --------------------------------------------------------

--
-- Структура таблиці `form_pregnancycdss_symptoms`
--

CREATE TABLE IF NOT EXISTS `form_pregnancycdss_symptoms` (
  `id` bigint(20) NOT NULL AUTO_INCREMENT,
  `symp_name` varchar(50) COLLATE utf8_general_ci DEFAULT NULL,
  `symp_notes` varchar(100) COLLATE utf8_general_ci DEFAULT NULL,
  `id_order` int(11) DEFAULT '0',
  `id_category` int(11) DEFAULT '1',
  `is_multi` tinyint(4) NOT NULL DEFAULT '0',
  `is_selected` tinyint(4) NOT NULL DEFAULT '1',
  PRIMARY KEY (`id`),
  KEY `symptoms_symptomsid_category_ndx` (`id_category`)
) ENGINE=InnoDB  DEFAULT CHARSET=utf8 COLLATE=utf8_general_ci AUTO_INCREMENT=73 ;

--
-- Дамп даних таблиці `form_pregnancycdss_symptoms`
--

INSERT INTO `form_pregnancycdss_symptoms` (`id`, `symp_name`, `symp_notes`, `id_order`, `id_category`, `is_multi`) VALUES
(1, '1.1. Вік жінки', NULL, 1, 1, 0),
(2, '1.2. Сезон року', NULL, 2, 1, 0),
(3, '1.3. Адреса проживання', NULL, 3, 1, 0),
(4, '1.4. Реєстрація шлюбу', NULL, 4, 1, 0),
(5, '1.5. Вид роботи', NULL, 5, 1, 0),
(6, '1.6. Шкідливості роботи', NULL, 6, 1, 0),
(7, '1.7. Спадковість', NULL, 7, 1, 0),
(8, '1.8. Шкідливі звички', NULL, 8, 1, 0),
(9, '1.9. Фізична активність', NULL, 9, 1, 0),
(10, '1.10. Взята на облік в ЖК', NULL, 10, 1, 0),
(12, '2.1. Ріст жінки', NULL, 11, 2, 0),
(13, '2.2. Вага жінки', NULL, 12, 2, 0),
(14, '2.3. Котра вагітність', NULL, 13, 2, 0),
(15, '2.4. Котрі пологи', NULL, 14, 2, 0),
(16, '2.5. Розміри тазу', NULL, 15, 2, 0),
(17, '2.6. Положення плоду', NULL, 16, 2, 0),
(18, '2.7. Серцебиття плоду', NULL, 17, 2, 0),
(19, '2.8. Передлежача частина', NULL, 18, 2, 0),
(20, '2.9. Очікувана маса плоду', NULL, 19, 2, 0),
(21, '3.1. Води відійшли', NULL, 20, 3, 0),
(22, '3.2. Якість вод', NULL, 21, 3, 0),
(23, '3.3. Кількість вод', NULL, 22, 3, 0),
(24, '3.4. Безводний період', NULL, 23, 3, 0),
(25, '3.5. Пологова діяльність', NULL, 24, 3, 0),
(26, '3.6. Дитина народилась', NULL, 25, 3, 0),
(27, '3.7. Скільки дітей', NULL, 26, 3, 0),
(28, '3.8. Стать дитини', NULL, 27, 3, 0),
(29, '3.9. Стан дитини', NULL, 28, 3, 0),
(30, '3.10. Послід виділився', NULL, 29, 3, 0),
(31, '3.11. Дитяче місце', NULL, 30, 3, 0),
(32, '3.12. Крововтрата', NULL, 31, 3, 0),
(33, '3.13. Післяродові розриви геніталій', NULL, 32, 3, 0),
(34, '4.1. Загальні захворювання', NULL, 33, 4, 0),
(35, '4.2. Інфекції', NULL, 34, 4, 0),
(36, '4.3. Анамнез чоловіка', NULL, 35, 4, 0),
(37, '4.4. Менархе', NULL, 36, 4, 0),
(38, '4.5. Менструації встановились', NULL, 37, 4, 0),
(39, '4.6. Менструації болючі', NULL, 38, 4, 0),
(40, '4.7. Регулярність менструацій', NULL, 39, 4, 0),
(41, '4.8. Тривалість менструацій', NULL, 40, 4, 0),
(42, '4.9. Менструальний цикл', NULL, 41, 4, 0),
(43, '4.10. Стан під час менструацій', NULL, 42, 4, 0),
(44, '4.11 Працездатність під час менструацій', NULL, 43, 4, 0),
(45, '4.12. Білі між менструаціями', NULL, 44, 4, 0),
(46, '5.1. Статеве життя', NULL, 45, 5, 0),
(47, '5.2. Аборти', NULL, 46, 5, 0),
(48, '5.3. Гінекологічні захворювання', NULL, 47, 5, 0),
(49, '5.4. Болі під час хвороб', NULL, 48, 5, 0),
(50, '5.5. Локалізація болю', NULL, 49, 5, 0),
(51, '5.6. Характер болю', NULL, 50, 5, 0),
(52, '5.7. Періодичність болю', NULL, 51, 5, 0),
(53, '5.8. Інтенсивність болю', NULL, 52, 5, 0),
(54, '6.1. Переривання вагітності', NULL, 53, 6, 0),
(55, '6.2. Стан плода', NULL, 54, 6, 0),
(56, '6.3. Інферкції', NULL, 55, 6, 1),
(57, '6.6. Гестози', NULL, 58, 6, 0),
(58, '7.1. Кількість виділень', NULL, 59, 7, 0),
(59, '7.2. Колір виділень', NULL, 60, 7, 0),
(60, '7.3. Характер виділень', NULL, 61, 7, 0),
(61, '7.4. Запах виділень', NULL, 62, 7, 0),
(62, '7.5. Стан шийки матки', NULL, 63, 7, 0),
(63, '7.6. Стан слизової шийки', NULL, 64, 7, 0),
(64, '7.7. Матка і термін вагітності', NULL, 65, 7, 0),
(65, '7.8. Група крові', NULL, 66, 7, 0),
(66, '7.9. Резус фактор', NULL, 67, 7, 0),
(67, '7.10. Титр антитіл', NULL, 68, 7, 0),
(68, '7.11. Результати УЗД (плід)', NULL, 69, 7, 0),
(69, '7.12. Результати УЗД (води)', NULL, 70, 7, 0),
(70, '7.13. Результати УЗД (плацента)', NULL, 71, 7, 0),
(71, '6.4. Явища гострого процесу', NULL, 56, 6, 1),
(72, '6.5. Ознаки реактивації', NULL, 57, 6, 1);


-- --------------------------------------------------------


--
-- Структура таблиці `form_pregnancycdss_sympt_options`
--

CREATE TABLE IF NOT EXISTS `form_pregnancycdss_sympt_options` (
  `id` bigint(20) NOT NULL AUTO_INCREMENT,
  `id_symptom` bigint(20) DEFAULT '0',
  `opt_name` varchar(50) COLLATE utf8_general_ci DEFAULT NULL,
  `id_order` int(11) DEFAULT '0',
  `is_selected` tinyint(4) NOT NULL DEFAULT '1',
  PRIMARY KEY (`id`),
  KEY `sympt_options_id_symptom_ndx` (`id_symptom`),
  KEY `sympt_options_symptomssympt_options_ndx` (`id_symptom`)
) ENGINE=InnoDB  DEFAULT CHARSET=utf8 COLLATE=utf8_general_ci AUTO_INCREMENT=238 ;

--
-- Дамп даних таблиці `form_pregnancycdss_sympt_options`
--

INSERT INTO `form_pregnancycdss_sympt_options` (`id`, `id_symptom`, `opt_name`, `id_order`, `is_selected`) VALUES
(1, 1, '1. до 18 років', 0, 1),
(2, 1, '2. 19-25', 0, 1),
(3, 1, '3. 26-30', 0, 1),
(4, 1, '4. 31-35', 0, 1),
(5, 1, '5. 36-40', 0, 1),
(6, 1, '6. 40>', 0, 1),
(7, 2, '1. Зима', 0, 1),
(8, 2, '2. Весна', 0, 1),
(9, 2, '3. Літо', 0, 1),
(10, 2, '4. Осінь', 0, 1),
(11, 3, '1. Місто', 0, 1),
(12, 3, '2. Село', 0, 1),
(13, 4, '1. Зареєстрований', 0, 1),
(14, 4, '2. Незареєстров.', 0, 1),
(15, 5, '1. Фізична', 0, 1),
(16, 5, '2. Розумова', 0, 1),
(17, 5, '3. Домогосп', 0, 1),
(18, 6, '1. Перегрівання', 0, 1),
(19, 6, '2. Переохолодження', 0, 1),
(20, 7, '1. Необтяжена', 0, 1),
(21, 7, '2. Обтяжена', 0, 1),
(22, 7, '3. Вади розвитку', 0, 1),
(23, 7, '4. Невиношування', 0, 1),
(24, 7, '5. Порушення ментсруації', 0, 1),
(25, 8, '1. Кава', 0, 1),
(26, 8, '2. Чай', 0, 1),
(27, 9, '1. Мала', 0, 1),
(28, 9, '2. Помірна', 0, 1),
(29, 9, '3. Значна', 0, 1),
(30, 10, '1. До 12 тижнів', 0, 1),
(31, 10, '2. Після 20 тижнів', 0, 1),
(34, 12, '1. До 150 см.', 0, 1),
(35, 12, '2. 151-160 см.', 0, 1),
(36, 12, '3. 161-170 см.', 0, 1),
(37, 12, '4. 171-180 см.', 0, 1),
(38, 12, '5. Більше 181 см.', 0, 1),
(39, 13, '1. До 50 кг.', 0, 1),
(40, 13, '2. 51-60 кг.', 0, 1),
(41, 13, '3. 61-70 кг.', 0, 1),
(42, 13, '4. 71-80 кг.', 0, 1),
(43, 13, '5. 81-90 кг.', 0, 1),
(44, 13, '6. Більше 90 кг.', 0, 1),
(45, 14, '1. Перша', 0, 1),
(46, 14, '2. Друга', 0, 1),
(47, 14, '3. Третя', 0, 1),
(48, 14, '4. Четверта', 0, 1),
(49, 14, '5. Більше чотриьох', 0, 1),
(50, 15, '1. Перші', 0, 1),
(51, 15, '2. Другі', 0, 1),
(52, 15, '3. Треті', 0, 1),
(53, 15, '4. Четверті', 0, 1),
(54, 15, '5. Більше чотирьох', 0, 1),
(55, 16, '1. Нормальні', 0, 1),
(56, 16, '2. Звуження 1 ст.', 0, 1),
(57, 16, '3. Звуження 2 ст.', 0, 1),
(58, 17, '1. Косе', 0, 1),
(59, 17, '2. Поперечне', 0, 1),
(60, 17, '3. Повздовжнє', 0, 1),
(61, 18, '1. Норма', 0, 1),
(62, 18, '2. Дистрес', 0, 1),
(63, 19, '1. Таз', 0, 1),
(64, 19, '2. Голівка', 0, 1),
(65, 20, '1. До 1000 г.', 0, 1),
(66, 20, '2. 1001-2500 г.', 0, 1),
(67, 20, '3. 2501-4000 г.', 0, 1),
(68, 20, '4. 4001-5000 г.', 0, 1),
(69, 20, '5. Більше 5001 г.', 0, 1),
(70, 21, '1. Самі', 0, 1),
(71, 21, '2. Ні', 0, 1),
(72, 22, '1. Світлі', 0, 1),
(73, 22, '2. Зелені', 0, 1),
(74, 22, '3. Червоні', 0, 1),
(75, 23, '1. Мало', 0, 1),
(76, 23, '2. Багато', 0, 1),
(77, 23, '3. Норма', 0, 1),
(78, 24, '1. Відсутній', 0, 1),
(79, 24, '2. До 5 год.', 0, 1),
(80, 24, '3. До 10 год.', 0, 1),
(81, 24, '4. До 24 год.', 0, 1),
(82, 24, '5. Більше 2 год.', 0, 1),
(83, 25, '1. Є', 0, 1),
(84, 25, '2. Немає', 0, 1),
(85, 26, '1.Голівкою', 0, 1),
(86, 26, '2. Сідницями', 0, 1),
(87, 26, '3. Ніжками', 0, 1),
(88, 27, '1. Одна', 0, 1),
(89, 27, '2. Двоє і більше', 0, 1),
(90, 28, '1. Чоловіча', 0, 1),
(91, 28, '2. Жіноча', 0, 1),
(92, 29, '1. Норма', 0, 1),
(93, 29, '2. Гіпоксія', 0, 1),
(94, 29, '3. Мертва', 0, 1),
(95, 30, '1. Окситоцин', 0, 1),
(96, 30, '2. Через 10 хв.', 0, 1),
(97, 30, '3. Через 30 хв.', 0, 1),
(98, 30, '4. Рукою', 0, 1),
(99, 31, '1. Ціле', 0, 1),
(100, 31, '2. Під сумнівом', 0, 1),
(101, 32, '1. До 250 мл.', 0, 1),
(102, 32, '2. Більше 250 мл.', 0, 1),
(103, 33, '1. Промежини', 0, 1),
(104, 33, '2. Шийки матки', 0, 1),
(105, 34, '1. Серце', 0, 1),
(106, 34, '2. Легені', 0, 1),
(107, 34, '3. Печінка', 0, 1),
(108, 34, '4. Нирки', 0, 1),
(109, 34, '5. Інші', 0, 1),
(110, 35, '1. Дитячі', 0, 1),
(111, 35, '2. Вірусні', 0, 1),
(112, 35, '3. Алергічні', 0, 1),
(113, 36, '1. Здоровий', 0, 1),
(114, 36, '2. Хворий', 0, 1),
(115, 37, '1. До 16 років', 0, 1),
(116, 37, '2. Після 16 років', 0, 1),
(118, 38, '1. Одразу', 0, 1),
(119, 38, '2. Ні', 0, 1),
(120, 39, '1. Так', 0, 1),
(121, 39, '2. Ні', 0, 1),
(122, 40, '1. Так', 0, 1),
(123, 40, '2. Ні', 0, 1),
(124, 41, '1. До 2 днів', 0, 1),
(125, 41, '2. 3-4 дні', 0, 1),
(126, 42, '1. До 20 днів', 0, 1),
(127, 42, '2. 21-24 дні', 0, 1),
(128, 42, '3. 25-28 днів', 0, 1),
(129, 42, '4. 29-32 дні', 0, 1),
(130, 43, '1. Добрий', 0, 1),
(131, 43, '2. Задовільний', 0, 1),
(132, 43, '3. Незадовільний', 0, 1),
(133, 44, '1. Не порушена', 0, 1),
(134, 44, '2. Знижена незначно', 0, 1),
(135, 44, '3. Значно понижена', 0, 1),
(136, 44, '4. Втрачається', 0, 1),
(137, 45, '1. Ні', 0, 1),
(138, 45, '2. Незначні', 0, 1),
(139, 45, '3. Помірні', 0, 1),
(140, 46, '1. До 18 років', 0, 1),
(141, 46, '2. З 19-23 років', 0, 1),
(142, 46, '3. З 24-28 років', 0, 1),
(143, 46, '4. Після 28 років', 0, 1),
(144, 47, '1. Штучні', 0, 1),
(145, 47, '2. Самовільні', 0, 1),
(146, 48, '1. Запалення геніталій', 0, 1),
(147, 49, '1. Ні', 0, 1),
(148, 49, '2. Були', 0, 1),
(149, 50, '1. Справа', 0, 1),
(150, 50, '2. Над лоном', 0, 1),
(151, 50, '3. Зліва', 0, 1),
(152, 51, '1. Тиснучі', 0, 1),
(153, 51, '2. Колючі', 0, 1),
(154, 51, '3. Розпираючі', 0, 1),
(155, 51, '4. Пульсуючі', 0, 1),
(156, 51, '5. Ниючі', 0, 1),
(157, 51, '6. Тянучі', 0, 1),
(158, 52, '1. Постійні', 0, 1),
(159, 52, '2. Після напруги', 0, 1),
(160, 53, '1. Сильні', 0, 1),
(161, 53, '2. Помірні', 0, 1),
(162, 53, '3. Слабкі', 0, 1),
(163, 54, '1. Загрожує', 0, 1),
(164, 54, '2. Розпочалося', 0, 1),
(165, 54, '3. Кров"янисті виділення в дні менстр.', 0, 1),
(166, 55, '1. Дистрес', 0, 1),
(167, 55, '2. Гіпотрофія', 0, 1),
(168, 56, '1. Токсоплазмоз', 0, 1),
(169, 56, '2. Цитомегалія', 0, 1),
(170, 56, '3. Хламідіоз', 0, 1),
(171, 56, '4. Герпетична', 0, 1),
(172, 57, '1. Блювота', 0, 1),
(173, 57, '2. Прееклампсія 1 ст.', 0, 1),
(174, 57, '3. Прееклампсія 2 ст.', 0, 1),
(175, 57, '4. Прееклампсія 3 ст.', 0, 1),
(176, 58, '1. Незначні', 0, 1),
(177, 58, '2. Помірні', 0, 1),
(178, 58, '3. Значні', 0, 1),
(179, 59, '1. Білий', 0, 1),
(180, 59, '2. Жовтий', 0, 1),
(181, 59, '3. Зелений', 0, 1),
(182, 60, '1. Слизові', 0, 1),
(183, 60, '2. Води', 0, 1),
(184, 61, '1. Відсутні', 0, 1),
(185, 61, '2. Присутні', 0, 1),
(186, 62, '1. Конічна', 0, 1),
(187, 62, '2. Циліндрична', 0, 1),
(188, 62, '3. Деформована', 0, 1),
(189, 63, '1. Гіперимована', 0, 1),
(190, 63, '2. Нормальна', 0, 1),
(191, 64, '1. Менше терміну', 0, 1),
(192, 64, '2. Нормальна', 0, 1),
(193, 64, '3. Більше терміну', 0, 1),
(194, 65, '1. Перша', 0, 1),
(195, 65, '2. Друга', 0, 1),
(196, 65, '3. Третя', 0, 1),
(197, 65, '4. Четверта', 0, 1),
(198, 66, '1. Плюс', 0, 1),
(199, 66, '2. Мінус', 0, 1),
(200, 67, '1. Є', 0, 1),
(201, 67, '2. Немає', 0, 1),
(202, 68, '1. Серцебиття є', 0, 1),
(203, 68, '2. Плід: 1', 0, 1),
(204, 68, '3. Плід: 2', 0, 1),
(205, 69, '1. Вод норма', 0, 1),
(206, 69, '2. Багатоводдя', 0, 1),
(207, 69, '3. Маловоддя', 0, 1),
(208, 69, '4. Дисперсність вод', 0, 1),
(209, 70, '1. Крововиливи', 0, 1),
(210, 70, '2. ФПН', 0, 1),
(211, 70, '3. Множинні кісти', 0, 1),
(212, 70, '4. Передчасне відшарування', 0, 1),
(213, 70, '5. Передчасне дозрівання', 0, 1),
(214, 70, '6. Низьке розташування', 0, 1),
(215, 70, '7. Швидка міграція вниз', 0, 1),
(216, 70, '8. Кальциноз плаценти', 0, 1),
(217, 56, '5. Уреоплазма', 0, 1),
(218, 56, '6. Мікоплазмоз', 0, 1),
(219, 71, '1. Різке підвищення температури', 0, 1),
(220, 71, '2. Слабкість', 0, 1),
(221, 71, '3. Головокружіння', 0, 1),
(222, 71, '4. Тахікардія', 0, 1),
(223, 71, '5. Порушення сну', 0, 1),
(224, 71, '6. Інтоксикація', 0, 1),
(225, 71, '7. Зміни слизових', 0, 1),
(226, 71, '8. Енантеми', 0, 1),
(227, 71, '9. Нудота', 0, 1),
(228, 71, '10. Блювота', 0, 1),
(229, 71, '11. Дегідратація', 0, 1),
(230, 71, '12. Специфічні ознаки захворювання.', 0, 1),
(231, 72, '1. Тривалий субфибрілітет', 0, 1),
(232, 72, '2. Епізоди ГРВІ', 0, 1),
(233, 72, '3. Зміна забарвлення шкіри', 0, 1),
(234, 72, '4. Висипання', 0, 1),
(235, 72, '5. Лімфаденопатія', 0, 1),
(236, 72, '6. Респіраторний синдром', 0, 1),
(237, 72, '7. Менінгіальні явища', 0, 1);

-- --------------------------------------------------------

--
-- Table structure for table `form_pregnancycdss_patient_exam`
--

CREATE TABLE IF NOT EXISTS `form_pregnancycdss_patient_exam` (
  `id` bigint(20) NOT NULL AUTO_INCREMENT,
  date datetime default NULL,
  `pid` bigint(20) DEFAULT '0',
  `user` varchar(255) DEFAULT NULL,
  `groupname` varchar(255) DEFAULT NULL,
  `authorized` tinyint(4) DEFAULT NULL,
  `activity` tinyint(4) DEFAULT NULL,
  `encounter` bigint(20) DEFAULT NULL,
  `createuser` varchar(255) DEFAULT NULL,
  `createdate` datetime DEFAULT NULL,
  `is_firstpregnancy` tinyint(4) DEFAULT NULL,
  `expect_decease` varchar(255) DEFAULT NULL,
  `deceases` text CHARACTER SET utf8 COLLATE utf8_unicode_ci DEFAULT NULL,
  `id_finaldecease` int(11) DEFAULT '0',
  `finaldecease` varchar(255) DEFAULT NULL,
  `finaldecease_icd10` varchar(255) DEFAULT NULL,
  `id_decisiontree_decease` int(11) DEFAULT NULL,
  `decisiontree_img` text CHARACTER SET utf8 COLLATE utf8_unicode_ci DEFAULT NULL,
  PRIMARY KEY (`id`)
) ENGINE=InnoDB DEFAULT CHARSET=utf8 COLLATE=utf8_general_ci AUTO_INCREMENT=1 ;


-- --------------------------------------------------------

--
-- Table structure for table `form_pregnancycdss_symptopt_by_patient`
--

CREATE TABLE IF NOT EXISTS `form_pregnancycdss_symptopt_by_patient` (
  `id` bigint(20) NOT NULL AUTO_INCREMENT,
  `id_exam` bigint(20) DEFAULT '0',
  `pid` bigint(20) DEFAULT '0',
  `user` varchar(255) default NULL,
  `id_symptom` bigint(20) DEFAULT '0',
  `id_sympt_opt` bigint(20) DEFAULT '0',
  `id_deceases` int(11) DEFAULT '0',
  `py` float DEFAULT '0',
  `pn` float DEFAULT '0',
  `id_sympt_cat` int(11) DEFAULT '0',
  `id_order` int(11) DEFAULT '0',
  PRIMARY KEY (`id`),
  KEY `symptoms_by_patient_id_deceases_ndx` (`id_deceases`),
  KEY `symptoms_by_patient_id_exam_ndx` (`id_exam`),
  KEY `symptoms_by_patient_id_patient_ndx` (`pid`),
  KEY `symptoms_by_patient_id_sympt_cat_ndx` (`id_sympt_cat`),
  KEY `symptoms_by_patient_id_sympt_opt_ndx` (`id_sympt_opt`),
  KEY `symptoms_by_patient_id_symptom_ndx` (`id_symptom`)
) ENGINE=InnoDB  DEFAULT CHARSET=utf8 COLLATE=utf8_general_ci AUTO_INCREMENT=1 ;


-- --------------------------------------------------------


--
-- Constraints for dumped tables
--

--
-- Constraints for table `form_pregnancycdss_symptopt_by_patient`
--
ALTER TABLE `form_pregnancycdss_symptopt_by_patient`
  ADD CONSTRAINT `form_pregnancycdss_symptopt_by_patient_ibfk_1` FOREIGN KEY (`id_exam`) REFERENCES `form_pregnancycdss_patient_exam` (`id`) ON DELETE CASCADE ON UPDATE CASCADE;
  
--
-- Constraints for table `form_pregnancycdss_deceases_sympt_opt`
--
ALTER TABLE `form_pregnancycdss_deceases_sympt_opt`
  ADD CONSTRAINT `form_deceases_sympt_opt_ibfk_1` FOREIGN KEY (`id_deceaces`) REFERENCES `form_pregnancycdss_deceaces` (`id`) ON DELETE SET NULL ON UPDATE CASCADE,
  ADD CONSTRAINT `form_deceases_sympt_opt_ibfk_2` FOREIGN KEY (`id_sympt_opt`) REFERENCES `form_pregnancycdss_sympt_options` (`id`) ON DELETE SET NULL ON UPDATE CASCADE;

--
-- Constraints for table `form_pregnancycdss_symptoms`
--
ALTER TABLE `form_pregnancycdss_symptoms`
  ADD CONSTRAINT `form_symptoms_ibfk_1` FOREIGN KEY (`id_category`) REFERENCES `form_pregnancycdss_sympt_category` (`id`) ON DELETE SET NULL ON UPDATE CASCADE;

--
-- Constraints for table `form_pregnancycdss_sympt_options`
--
ALTER TABLE `form_pregnancycdss_sympt_options`
  ADD CONSTRAINT `form_sympt_options_ibfk_1` FOREIGN KEY (`id_symptom`) REFERENCES `form_pregnancycdss_symptoms` (`id`) ON DELETE SET NULL ON UPDATE CASCADE;

/*!40101 SET CHARACTER_SET_CLIENT=@OLD_CHARACTER_SET_CLIENT */;
/*!40101 SET CHARACTER_SET_RESULTS=@OLD_CHARACTER_SET_RESULTS */;
/*!40101 SET COLLATION_CONNECTION=@OLD_COLLATION_CONNECTION */;
